task_type,avg_cpu_usage,avg_memory_usage,avg_network_traffic
Inconnu,50.00539796569011,50.05693407707635,500.21073714976967
compute,49.98959375191114,49.94279308609038,500.05841642594527
io,50.01320498101694,50.030605349680265,500.3352442453705
network,50.03635323436565,49.9474908560416,499.5415691963864
